@frequency,provider_code,dataset_code,dataset_name,series_code,series_name,original_period,period,original_value,value,frequency,geography,units,Frequency,Geography,Units
monthly,EIA,INTL,International Energy Data,53-1-WORL-TBPD.M,"Petroleum and other liquids production, World, Monthly — thousand barrels per day",1993-01,1993-01-01,67792.942,67792.942,M,wld,thou,Monthly,WLD,thousand barrels per day
monthly,EIA,INTL,International Energy Data,53-1-WORL-TBPD.M,"Petroleum and other liquids production, World, Monthly — thousand barrels per day",1993-02,1993-02-01,67813.134,67813.134,M,wld,thou,Monthly,WLD,thousand barrels per day
monthly,EIA,INTL,International Energy Data,53-1-WORL-TBPD.M,"Petroleum and other liquids production, World, Monthly — thousand barrels per day",1993-03,1993-03-01,67158.159,67158.159,M,wld,thou,Monthly,WLD,thousand barrels per day
monthly,EIA,INTL,International Energy Data,53-1-WORL-TBPD.M,"Petroleum and other liquids production, World, Monthly — thousand barrels per day",1993-04,1993-04-01,66423.775,66423.775,M,wld,thou,Monthly,WLD,thousand barrels per day
monthly,EIA,INTL,International Energy Data,53-1-WORL-TBPD.M,"Petroleum and other liquids production, World, Monthly — thousand barrels per day",1993-05,1993-05-01,66531.42,66531.42,M,wld,thou,Monthly,WLD,thousand barrels per day
monthly,EIA,INTL,International Energy Data,53-1-WORL-TBPD.M,"Petroleum and other liquids production, World, Monthly — thousand barrels per day",1993-06,1993-06-01,66267.654,66267.654,M,wld,thou,Monthly,WLD,thousand barrels per day
monthly,EIA,INTL,International Energy Data,53-1-WORL-TBPD.M,"Petroleum and other liquids production, World, Monthly — thousand barrels per day",1993-07,1993-07-01,66993.12,66993.12,M,wld,thou,Monthly,WLD,thousand barrels per day
monthly,EIA,INTL,International Energy Data,53-1-WORL-TBPD.M,"Petroleum and other liquids production, World, Monthly — thousand barrels per day",1993-08,1993-08-01,66855.718,66855.718,M,wld,thou,Monthly,WLD,thousand barrels per day
monthly,EIA,INTL,International Energy Data,53-1-WORL-TBPD.M,"Petroleum and other liquids production, World, Monthly — thousand barrels per day",1993-09,1993-09-01,66880.545,66880.545,M,wld,thou,Monthly,WLD,thousand barrels per day
monthly,EIA,INTL,International Energy Data,53-1-WORL-TBPD.M,"Petroleum and other liquids production, World, Monthly — thousand barrels per day",1993-10,1993-10-01,67402.696,67402.696,M,wld,thou,Monthly,WLD,thousand barrels per day
monthly,EIA,INTL,International Energy Data,53-1-WORL-TBPD.M,"Petroleum and other liquids production, World, Monthly — thousand barrels per day",1993-11,1993-11-01,67472.296,67472.296,M,wld,thou,Monthly,WLD,thousand barrels per day
monthly,EIA,INTL,International Energy Data,53-1-WORL-TBPD.M,"Petroleum and other liquids production, World, Monthly — thousand barrels per day",1993-12,1993-12-01,67647.643,67647.643,M,wld,thou,Monthly,WLD,thousand barrels per day
monthly,EIA,INTL,International Energy Data,53-1-WORL-TBPD.M,"Petroleum and other liquids production, World, Monthly — thousand barrels per day",1994-01,1994-01-01,68475.4,68475.4,M,wld,thou,Monthly,WLD,thousand barrels per day
monthly,EIA,INTL,International Energy Data,53-1-WORL-TBPD.M,"Petroleum and other liquids production, World, Monthly — thousand barrels per day",1994-02,1994-02-01,68207.3,68207.3,M,wld,thou,Monthly,WLD,thousand barrels per day
monthly,EIA,INTL,International Energy Data,53-1-WORL-TBPD.M,"Petroleum and other liquids production, World, Monthly — thousand barrels per day",1994-03,1994-03-01,68126.2,68126.2,M,wld,thou,Monthly,WLD,thousand barrels per day
monthly,EIA,INTL,International Energy Data,53-1-WORL-TBPD.M,"Petroleum and other liquids production, World, Monthly — thousand barrels per day",1994-04,1994-04-01,67773.5,67773.5,M,wld,thou,Monthly,WLD,thousand barrels per day
monthly,EIA,INTL,International Energy Data,53-1-WORL-TBPD.M,"Petroleum and other liquids production, World, Monthly — thousand barrels per day",1994-05,1994-05-01,68141.6,68141.6,M,wld,thou,Monthly,WLD,thousand barrels per day
monthly,EIA,INTL,International Energy Data,53-1-WORL-TBPD.M,"Petroleum and other liquids production, World, Monthly — thousand barrels per day",1994-06,1994-06-01,68545.5,68545.5,M,wld,thou,Monthly,WLD,thousand barrels per day
monthly,EIA,INTL,International Energy Data,53-1-WORL-TBPD.M,"Petroleum and other liquids production, World, Monthly — thousand barrels per day",1994-07,1994-07-01,68217.5,68217.5,M,wld,thou,Monthly,WLD,thousand barrels per day
monthly,EIA,INTL,International Energy Data,53-1-WORL-TBPD.M,"Petroleum and other liquids production, World, Monthly — thousand barrels per day",1994-08,1994-08-01,68087.5,68087.5,M,wld,thou,Monthly,WLD,thousand barrels per day
monthly,EIA,INTL,International Energy Data,53-1-WORL-TBPD.M,"Petroleum and other liquids production, World, Monthly — thousand barrels per day",1994-09,1994-09-01,68752.5,68752.5,M,wld,thou,Monthly,WLD,thousand barrels per day
monthly,EIA,INTL,International Energy Data,53-1-WORL-TBPD.M,"Petroleum and other liquids production, World, Monthly — thousand barrels per day",1994-10,1994-10-01,69332.5,69332.5,M,wld,thou,Monthly,WLD,thousand barrels per day
monthly,EIA,INTL,International Energy Data,53-1-WORL-TBPD.M,"Petroleum and other liquids production, World, Monthly — thousand barrels per day",1994-11,1994-11-01,69732.5,69732.5,M,wld,thou,Monthly,WLD,thousand barrels per day
monthly,EIA,INTL,International Energy Data,53-1-WORL-TBPD.M,"Petroleum and other liquids production, World, Monthly — thousand barrels per day",1994-12,1994-12-01,70105.5,70105.5,M,wld,thou,Monthly,WLD,thousand barrels per day
monthly,EIA,INTL,International Energy Data,53-1-WORL-TBPD.M,"Petroleum and other liquids production, World, Monthly — thousand barrels per day",1995-01,1995-01-01,69835.9,69835.9,M,wld,thou,Monthly,WLD,thousand barrels per day
monthly,EIA,INTL,International Energy Data,53-1-WORL-TBPD.M,"Petroleum and other liquids production, World, Monthly — thousand barrels per day",1995-02,1995-02-01,70234.9,70234.9,M,wld,thou,Monthly,WLD,thousand barrels per day
monthly,EIA,INTL,International Energy Data,53-1-WORL-TBPD.M,"Petroleum and other liquids production, World, Monthly — thousand barrels per day",1995-03,1995-03-01,69395.9,69395.9,M,wld,thou,Monthly,WLD,thousand barrels per day
monthly,EIA,INTL,International Energy Data,53-1-WORL-TBPD.M,"Petroleum and other liquids production, World, Monthly — thousand barrels per day",1995-04,1995-04-01,70310.9,70310.9,M,wld,thou,Monthly,WLD,thousand barrels per day
monthly,EIA,INTL,International Energy Data,53-1-WORL-TBPD.M,"Petroleum and other liquids production, World, Monthly — thousand barrels per day",1995-05,1995-05-01,70306.8,70306.8,M,wld,thou,Monthly,WLD,thousand barrels per day
monthly,EIA,INTL,International Energy Data,53-1-WORL-TBPD.M,"Petroleum and other liquids production, World, Monthly — thousand barrels per day",1995-06,1995-06-01,69262.8,69262.8,M,wld,thou,Monthly,WLD,thousand barrels per day
monthly,EIA,INTL,International Energy Data,53-1-WORL-TBPD.M,"Petroleum and other liquids production, World, Monthly — thousand barrels per day",1995-07,1995-07-01,70306.2,70306.2,M,wld,thou,Monthly,WLD,thousand barrels per day
monthly,EIA,INTL,International Energy Data,53-1-WORL-TBPD.M,"Petroleum and other liquids production, World, Monthly — thousand barrels per day",1995-08,1995-08-01,70441.2,70441.2,M,wld,thou,Monthly,WLD,thousand barrels per day
monthly,EIA,INTL,International Energy Data,53-1-WORL-TBPD.M,"Petroleum and other liquids production, World, Monthly — thousand barrels per day",1995-09,1995-09-01,70924.2,70924.2,M,wld,thou,Monthly,WLD,thousand barrels per day
monthly,EIA,INTL,International Energy Data,53-1-WORL-TBPD.M,"Petroleum and other liquids production, World, Monthly — thousand barrels per day",1995-10,1995-10-01,70518.2,70518.2,M,wld,thou,Monthly,WLD,thousand barrels per day
monthly,EIA,INTL,International Energy Data,53-1-WORL-TBPD.M,"Petroleum and other liquids production, World, Monthly — thousand barrels per day",1995-11,1995-11-01,70819.2,70819.2,M,wld,thou,Monthly,WLD,thousand barrels per day
monthly,EIA,INTL,International Energy Data,53-1-WORL-TBPD.M,"Petroleum and other liquids production, World, Monthly — thousand barrels per day",1995-12,1995-12-01,71175.2,71175.2,M,wld,thou,Monthly,WLD,thousand barrels per day
monthly,EIA,INTL,International Energy Data,53-1-WORL-TBPD.M,"Petroleum and other liquids production, World, Monthly — thousand barrels per day",1996-01,1996-01-01,71277.3,71277.3,M,wld,thou,Monthly,WLD,thousand barrels per day
monthly,EIA,INTL,International Energy Data,53-1-WORL-TBPD.M,"Petroleum and other liquids production, World, Monthly — thousand barrels per day",1996-02,1996-02-01,71576.4,71576.4,M,wld,thou,Monthly,WLD,thousand barrels per day
monthly,EIA,INTL,International Energy Data,53-1-WORL-TBPD.M,"Petroleum and other liquids production, World, Monthly — thousand barrels per day",1996-03,1996-03-01,71648.3,71648.3,M,wld,thou,Monthly,WLD,thousand barrels per day
monthly,EIA,INTL,International Energy Data,53-1-WORL-TBPD.M,"Petroleum and other liquids production, World, Monthly — thousand barrels per day",1996-04,1996-04-01,71533.3,71533.3,M,wld,thou,Monthly,WLD,thousand barrels per day
monthly,EIA,INTL,International Energy Data,53-1-WORL-TBPD.M,"Petroleum and other liquids production, World, Monthly — thousand barrels per day",1996-05,1996-05-01,71468.3,71468.3,M,wld,thou,Monthly,WLD,thousand barrels per day
monthly,EIA,INTL,International Energy Data,53-1-WORL-TBPD.M,"Petroleum and other liquids production, World, Monthly — thousand barrels per day",1996-06,1996-06-01,71729.8,71729.8,M,wld,thou,Monthly,WLD,thousand barrels per day
monthly,EIA,INTL,International Energy Data,53-1-WORL-TBPD.M,"Petroleum and other liquids production, World, Monthly — thousand barrels per day",1996-07,1996-07-01,71917.8,71917.8,M,wld,thou,Monthly,WLD,thousand barrels per day
monthly,EIA,INTL,International Energy Data,53-1-WORL-TBPD.M,"Petroleum and other liquids production, World, Monthly — thousand barrels per day",1996-08,1996-08-01,71480.8,71480.8,M,wld,thou,Monthly,WLD,thousand barrels per day
monthly,EIA,INTL,International Energy Data,53-1-WORL-TBPD.M,"Petroleum and other liquids production, World, Monthly — thousand barrels per day",1996-09,1996-09-01,71980.8,71980.8,M,wld,thou,Monthly,WLD,thousand barrels per day
monthly,EIA,INTL,International Energy Data,53-1-WORL-TBPD.M,"Petroleum and other liquids production, World, Monthly — thousand barrels per day",1996-10,1996-10-01,72453.8,72453.8,M,wld,thou,Monthly,WLD,thousand barrels per day
monthly,EIA,INTL,International Energy Data,53-1-WORL-TBPD.M,"Petroleum and other liquids production, World, Monthly — thousand barrels per day",1996-11,1996-11-01,72998.8,72998.8,M,wld,thou,Monthly,WLD,thousand barrels per day
monthly,EIA,INTL,International Energy Data,53-1-WORL-TBPD.M,"Petroleum and other liquids production, World, Monthly — thousand barrels per day",1996-12,1996-12-01,73582.8,73582.8,M,wld,thou,Monthly,WLD,thousand barrels per day
monthly,EIA,INTL,International Energy Data,53-1-WORL-TBPD.M,"Petroleum and other liquids production, World, Monthly — thousand barrels per day",1997-01,1997-01-01,73421.7,73421.7,M,wld,thou,Monthly,WLD,thousand barrels per day
monthly,EIA,INTL,International Energy Data,53-1-WORL-TBPD.M,"Petroleum and other liquids production, World, Monthly — thousand barrels per day",1997-02,1997-02-01,73944.6,73944.6,M,wld,thou,Monthly,WLD,thousand barrels per day
monthly,EIA,INTL,International Energy Data,53-1-WORL-TBPD.M,"Petroleum and other liquids production, World, Monthly — thousand barrels per day",1997-03,1997-03-01,73925.7,73925.7,M,wld,thou,Monthly,WLD,thousand barrels per day
monthly,EIA,INTL,International Energy Data,53-1-WORL-TBPD.M,"Petroleum and other liquids production, World, Monthly — thousand barrels per day",1997-04,1997-04-01,74385.1,74385.1,M,wld,thou,Monthly,WLD,thousand barrels per day
monthly,EIA,INTL,International Energy Data,53-1-WORL-TBPD.M,"Petroleum and other liquids production, World, Monthly — thousand barrels per day",1997-05,1997-05-01,73737.3,73737.3,M,wld,thou,Monthly,WLD,thousand barrels per day
monthly,EIA,INTL,International Energy Data,53-1-WORL-TBPD.M,"Petroleum and other liquids production, World, Monthly — thousand barrels per day",1997-06,1997-06-01,72936.7,72936.7,M,wld,thou,Monthly,WLD,thousand barrels per day
monthly,EIA,INTL,International Energy Data,53-1-WORL-TBPD.M,"Petroleum and other liquids production, World, Monthly — thousand barrels per day",1997-07,1997-07-01,73443.0,73443.0,M,wld,thou,Monthly,WLD,thousand barrels per day
monthly,EIA,INTL,International Energy Data,53-1-WORL-TBPD.M,"Petroleum and other liquids production, World, Monthly — thousand barrels per day",1997-08,1997-08-01,74351.0,74351.0,M,wld,thou,Monthly,WLD,thousand barrels per day
monthly,EIA,INTL,International Energy Data,53-1-WORL-TBPD.M,"Petroleum and other liquids production, World, Monthly — thousand barrels per day",1997-09,1997-09-01,74801.4,74801.4,M,wld,thou,Monthly,WLD,thousand barrels per day
monthly,EIA,INTL,International Energy Data,53-1-WORL-TBPD.M,"Petroleum and other liquids production, World, Monthly — thousand barrels per day",1997-10,1997-10-01,75316.5,75316.5,M,wld,thou,Monthly,WLD,thousand barrels per day
monthly,EIA,INTL,International Energy Data,53-1-WORL-TBPD.M,"Petroleum and other liquids production, World, Monthly — thousand barrels per day",1997-11,1997-11-01,75158.5,75158.5,M,wld,thou,Monthly,WLD,thousand barrels per day
monthly,EIA,INTL,International Energy Data,53-1-WORL-TBPD.M,"Petroleum and other liquids production, World, Monthly — thousand barrels per day",1997-12,1997-12-01,75048.4,75048.4,M,wld,thou,Monthly,WLD,thousand barrels per day
monthly,EIA,INTL,International Energy Data,53-1-WORL-TBPD.M,"Petroleum and other liquids production, World, Monthly — thousand barrels per day",1998-01,1998-01-01,76481.5,76481.5,M,wld,thou,Monthly,WLD,thousand barrels per day
monthly,EIA,INTL,International Energy Data,53-1-WORL-TBPD.M,"Petroleum and other liquids production, World, Monthly — thousand barrels per day",1998-02,1998-02-01,76882.5,76882.5,M,wld,thou,Monthly,WLD,thousand barrels per day
monthly,EIA,INTL,International Energy Data,53-1-WORL-TBPD.M,"Petroleum and other liquids production, World, Monthly — thousand barrels per day",1998-03,1998-03-01,76695.5,76695.5,M,wld,thou,Monthly,WLD,thousand barrels per day
monthly,EIA,INTL,International Energy Data,53-1-WORL-TBPD.M,"Petroleum and other liquids production, World, Monthly — thousand barrels per day",1998-04,1998-04-01,76583.4,76583.4,M,wld,thou,Monthly,WLD,thousand barrels per day
monthly,EIA,INTL,International Energy Data,53-1-WORL-TBPD.M,"Petroleum and other liquids production, World, Monthly — thousand barrels per day",1998-05,1998-05-01,75957.1,75957.1,M,wld,thou,Monthly,WLD,thousand barrels per day
monthly,EIA,INTL,International Energy Data,53-1-WORL-TBPD.M,"Petroleum and other liquids production, World, Monthly — thousand barrels per day",1998-06,1998-06-01,75650.4,75650.4,M,wld,thou,Monthly,WLD,thousand barrels per day
monthly,EIA,INTL,International Energy Data,53-1-WORL-TBPD.M,"Petroleum and other liquids production, World, Monthly — thousand barrels per day",1998-07,1998-07-01,75195.4,75195.4,M,wld,thou,Monthly,WLD,thousand barrels per day
monthly,EIA,INTL,International Energy Data,53-1-WORL-TBPD.M,"Petroleum and other liquids production, World, Monthly — thousand barrels per day",1998-08,1998-08-01,74483.3,74483.3,M,wld,thou,Monthly,WLD,thousand barrels per day
monthly,EIA,INTL,International Energy Data,53-1-WORL-TBPD.M,"Petroleum and other liquids production, World, Monthly — thousand barrels per day",1998-09,1998-09-01,74500.4,74500.4,M,wld,thou,Monthly,WLD,thousand barrels per day
monthly,EIA,INTL,International Energy Data,53-1-WORL-TBPD.M,"Petroleum and other liquids production, World, Monthly — thousand barrels per day",1998-10,1998-10-01,74671.4,74671.4,M,wld,thou,Monthly,WLD,thousand barrels per day
monthly,EIA,INTL,International Energy Data,53-1-WORL-TBPD.M,"Petroleum and other liquids production, World, Monthly — thousand barrels per day",1998-11,1998-11-01,75665.4,75665.4,M,wld,thou,Monthly,WLD,thousand barrels per day
monthly,EIA,INTL,International Energy Data,53-1-WORL-TBPD.M,"Petroleum and other liquids production, World, Monthly — thousand barrels per day",1998-12,1998-12-01,75352.5,75352.5,M,wld,thou,Monthly,WLD,thousand barrels per day
monthly,EIA,INTL,International Energy Data,53-1-WORL-TBPD.M,"Petroleum and other liquids production, World, Monthly — thousand barrels per day",1999-01,1999-01-01,75647.6,75647.6,M,wld,thou,Monthly,WLD,thousand barrels per day
monthly,EIA,INTL,International Energy Data,53-1-WORL-TBPD.M,"Petroleum and other liquids production, World, Monthly — thousand barrels per day",1999-02,1999-02-01,76090.3,76090.3,M,wld,thou,Monthly,WLD,thousand barrels per day
monthly,EIA,INTL,International Energy Data,53-1-WORL-TBPD.M,"Petroleum and other liquids production, World, Monthly — thousand barrels per day",1999-03,1999-03-01,75679.6,75679.6,M,wld,thou,Monthly,WLD,thousand barrels per day
monthly,EIA,INTL,International Energy Data,53-1-WORL-TBPD.M,"Petroleum and other liquids production, World, Monthly — thousand barrels per day",1999-04,1999-04-01,74266.6,74266.6,M,wld,thou,Monthly,WLD,thousand barrels per day
monthly,EIA,INTL,International Energy Data,53-1-WORL-TBPD.M,"Petroleum and other liquids production, World, Monthly — thousand barrels per day",1999-05,1999-05-01,74094.6,74094.6,M,wld,thou,Monthly,WLD,thousand barrels per day
monthly,EIA,INTL,International Energy Data,53-1-WORL-TBPD.M,"Petroleum and other liquids production, World, Monthly — thousand barrels per day",1999-06,1999-06-01,73037.8,73037.8,M,wld,thou,Monthly,WLD,thousand barrels per day
monthly,EIA,INTL,International Energy Data,53-1-WORL-TBPD.M,"Petroleum and other liquids production, World, Monthly — thousand barrels per day",1999-07,1999-07-01,74660.9,74660.9,M,wld,thou,Monthly,WLD,thousand barrels per day
monthly,EIA,INTL,International Energy Data,53-1-WORL-TBPD.M,"Petroleum and other liquids production, World, Monthly — thousand barrels per day",1999-08,1999-08-01,74583.9,74583.9,M,wld,thou,Monthly,WLD,thousand barrels per day
monthly,EIA,INTL,International Energy Data,53-1-WORL-TBPD.M,"Petroleum and other liquids production, World, Monthly — thousand barrels per day",1999-09,1999-09-01,74698.3,74698.3,M,wld,thou,Monthly,WLD,thousand barrels per day
monthly,EIA,INTL,International Energy Data,53-1-WORL-TBPD.M,"Petroleum and other liquids production, World, Monthly — thousand barrels per day",1999-10,1999-10-01,75298.3,75298.3,M,wld,thou,Monthly,WLD,thousand barrels per day
monthly,EIA,INTL,International Energy Data,53-1-WORL-TBPD.M,"Petroleum and other liquids production, World, Monthly — thousand barrels per day",1999-11,1999-11-01,75297.3,75297.3,M,wld,thou,Monthly,WLD,thousand barrels per day
monthly,EIA,INTL,International Energy Data,53-1-WORL-TBPD.M,"Petroleum and other liquids production, World, Monthly — thousand barrels per day",1999-12,1999-12-01,74616.5,74616.5,M,wld,thou,Monthly,WLD,thousand barrels per day
monthly,EIA,INTL,International Energy Data,53-1-WORL-TBPD.M,"Petroleum and other liquids production, World, Monthly — thousand barrels per day",2000-01,2000-01-01,75684.66349989605,75684.66349989605,M,wld,thou,Monthly,WLD,thousand barrels per day
monthly,EIA,INTL,International Energy Data,53-1-WORL-TBPD.M,"Petroleum and other liquids production, World, Monthly — thousand barrels per day",2000-02,2000-02-01,76268.8143763854,76268.8143763854,M,wld,thou,Monthly,WLD,thousand barrels per day
monthly,EIA,INTL,International Energy Data,53-1-WORL-TBPD.M,"Petroleum and other liquids production, World, Monthly — thousand barrels per day",2000-03,2000-03-01,76317.79680782928,76317.79680782928,M,wld,thou,Monthly,WLD,thousand barrels per day
monthly,EIA,INTL,International Energy Data,53-1-WORL-TBPD.M,"Petroleum and other liquids production, World, Monthly — thousand barrels per day",2000-04,2000-04-01,76934.26331580743,76934.26331580743,M,wld,thou,Monthly,WLD,thousand barrels per day
monthly,EIA,INTL,International Energy Data,53-1-WORL-TBPD.M,"Petroleum and other liquids production, World, Monthly — thousand barrels per day",2000-05,2000-05-01,77479.40614251143,77479.40614251143,M,wld,thou,Monthly,WLD,thousand barrels per day
monthly,EIA,INTL,International Energy Data,53-1-WORL-TBPD.M,"Petroleum and other liquids production, World, Monthly — thousand barrels per day",2000-06,2000-06-01,77228.8517822699,77228.8517822699,M,wld,thou,Monthly,WLD,thousand barrels per day
monthly,EIA,INTL,International Energy Data,53-1-WORL-TBPD.M,"Petroleum and other liquids production, World, Monthly — thousand barrels per day",2000-07,2000-07-01,77784.08429370025,77784.08429370025,M,wld,thou,Monthly,WLD,thousand barrels per day
monthly,EIA,INTL,International Energy Data,53-1-WORL-TBPD.M,"Petroleum and other liquids production, World, Monthly — thousand barrels per day",2000-08,2000-08-01,78683.6772162308,78683.6772162308,M,wld,thou,Monthly,WLD,thousand barrels per day
monthly,EIA,INTL,International Energy Data,53-1-WORL-TBPD.M,"Petroleum and other liquids production, World, Monthly — thousand barrels per day",2000-09,2000-09-01,78877.37221137818,78877.37221137818,M,wld,thou,Monthly,WLD,thousand barrels per day
monthly,EIA,INTL,International Energy Data,53-1-WORL-TBPD.M,"Petroleum and other liquids production, World, Monthly — thousand barrels per day",2000-10,2000-10-01,79242.53664765859,79242.53664765859,M,wld,thou,Monthly,WLD,thousand barrels per day
monthly,EIA,INTL,International Energy Data,53-1-WORL-TBPD.M,"Petroleum and other liquids production, World, Monthly — thousand barrels per day",2000-11,2000-11-01,79932.04028937269,79932.04028937269,M,wld,thou,Monthly,WLD,thousand barrels per day
monthly,EIA,INTL,International Energy Data,53-1-WORL-TBPD.M,"Petroleum and other liquids production, World, Monthly — thousand barrels per day",2000-12,2000-12-01,78288.17433422658,78288.17433422658,M,wld,thou,Monthly,WLD,thousand barrels per day
monthly,EIA,INTL,International Energy Data,53-1-WORL-TBPD.M,"Petroleum and other liquids production, World, Monthly — thousand barrels per day",2001-01,2001-01-01,78332.57116228231,78332.57116228231,M,wld,thou,Monthly,WLD,thousand barrels per day
monthly,EIA,INTL,International Energy Data,53-1-WORL-TBPD.M,"Petroleum and other liquids production, World, Monthly — thousand barrels per day",2001-02,2001-02-01,78212.11471678417,78212.11471678417,M,wld,thou,Monthly,WLD,thousand barrels per day
monthly,EIA,INTL,International Energy Data,53-1-WORL-TBPD.M,"Petroleum and other liquids production, World, Monthly — thousand barrels per day",2001-03,2001-03-01,78940.55169192824,78940.55169192824,M,wld,thou,Monthly,WLD,thousand barrels per day
monthly,EIA,INTL,International Energy Data,53-1-WORL-TBPD.M,"Petroleum and other liquids production, World, Monthly — thousand barrels per day",2001-04,2001-04-01,77925.49953875865,77925.49953875865,M,wld,thou,Monthly,WLD,thousand barrels per day
monthly,EIA,INTL,International Energy Data,53-1-WORL-TBPD.M,"Petroleum and other liquids production, World, Monthly — thousand barrels per day",2001-05,2001-05-01,77302.47995207633,77302.47995207633,M,wld,thou,Monthly,WLD,thousand barrels per day
monthly,EIA,INTL,International Energy Data,53-1-WORL-TBPD.M,"Petroleum and other liquids production, World, Monthly — thousand barrels per day",2001-06,2001-06-01,75729.65553639263,75729.65553639263,M,wld,thou,Monthly,WLD,thousand barrels per day
monthly,EIA,INTL,International Energy Data,53-1-WORL-TBPD.M,"Petroleum and other liquids production, World, Monthly — thousand barrels per day",2001-07,2001-07-01,77716.43952949828,77716.43952949828,M,wld,thou,Monthly,WLD,thousand barrels per day
monthly,EIA,INTL,International Energy Data,53-1-WORL-TBPD.M,"Petroleum and other liquids production, World, Monthly — thousand barrels per day",2001-08,2001-08-01,77874.62334984416,77874.62334984416,M,wld,thou,Monthly,WLD,thousand barrels per day
monthly,EIA,INTL,International Energy Data,53-1-WORL-TBPD.M,"Petroleum and other liquids production, World, Monthly — thousand barrels per day",2001-09,2001-09-01,77442.26925490108,77442.26925490108,M,wld,thou,Monthly,WLD,thousand barrels per day
monthly,EIA,INTL,International Energy Data,53-1-WORL-TBPD.M,"Petroleum and other liquids production, World, Monthly — thousand barrels per day",2001-10,2001-10-01,77443.49640157864,77443.49640157864,M,wld,thou,Monthly,WLD,thousand barrels per day
monthly,EIA,INTL,International Energy Data,53-1-WORL-TBPD.M,"Petroleum and other liquids production, World, Monthly — thousand barrels per day",2001-11,2001-11-01,77951.05538068294,77951.05538068294,M,wld,thou,Monthly,WLD,thousand barrels per day
monthly,EIA,INTL,International Energy Data,53-1-WORL-TBPD.M,"Petroleum and other liquids production, World, Monthly — thousand barrels per day",2001-12,2001-12-01,77206.82488627062,77206.82488627062,M,wld,thou,Monthly,WLD,thousand barrels per day
monthly,EIA,INTL,International Energy Data,53-1-WORL-TBPD.M,"Petroleum and other liquids production, World, Monthly — thousand barrels per day",2002-01,2002-01-01,76695.06696175203,76695.06696175203,M,wld,thou,Monthly,WLD,thousand barrels per day
monthly,EIA,INTL,International Energy Data,53-1-WORL-TBPD.M,"Petroleum and other liquids production, World, Monthly — thousand barrels per day",2002-02,2002-02-01,76819.89822108907,76819.89822108907,M,wld,thou,Monthly,WLD,thousand barrels per day
monthly,EIA,INTL,International Energy Data,53-1-WORL-TBPD.M,"Petroleum and other liquids production, World, Monthly — thousand barrels per day",2002-03,2002-03-01,76617.38257356497,76617.38257356497,M,wld,thou,Monthly,WLD,thousand barrels per day
monthly,EIA,INTL,International Energy Data,53-1-WORL-TBPD.M,"Petroleum and other liquids production, World, Monthly — thousand barrels per day",2002-04,2002-04-01,76120.49687911313,76120.49687911313,M,wld,thou,Monthly,WLD,thousand barrels per day
monthly,EIA,INTL,International Energy Data,53-1-WORL-TBPD.M,"Petroleum and other liquids production, World, Monthly — thousand barrels per day",2002-05,2002-05-01,76781.03121779568,76781.03121779568,M,wld,thou,Monthly,WLD,thousand barrels per day
monthly,EIA,INTL,International Energy Data,53-1-WORL-TBPD.M,"Petroleum and other liquids production, World, Monthly — thousand barrels per day",2002-06,2002-06-01,76456.97660083638,76456.97660083638,M,wld,thou,Monthly,WLD,thousand barrels per day
monthly,EIA,INTL,International Energy Data,53-1-WORL-TBPD.M,"Petroleum and other liquids production, World, Monthly — thousand barrels per day",2002-07,2002-07-01,76893.23160986605,76893.23160986605,M,wld,thou,Monthly,WLD,thousand barrels per day
monthly,EIA,INTL,International Energy Data,53-1-WORL-TBPD.M,"Petroleum and other liquids production, World, Monthly — thousand barrels per day",2002-08,2002-08-01,76721.9142182107,76721.9142182107,M,wld,thou,Monthly,WLD,thousand barrels per day
monthly,EIA,INTL,International Energy Data,53-1-WORL-TBPD.M,"Petroleum and other liquids production, World, Monthly — thousand barrels per day",2002-09,2002-09-01,77284.6886635763,77284.6886635763,M,wld,thou,Monthly,WLD,thousand barrels per day
monthly,EIA,INTL,International Energy Data,53-1-WORL-TBPD.M,"Petroleum and other liquids production, World, Monthly — thousand barrels per day",2002-10,2002-10-01,78736.40262509295,78736.40262509295,M,wld,thou,Monthly,WLD,thousand barrels per day
monthly,EIA,INTL,International Energy Data,53-1-WORL-TBPD.M,"Petroleum and other liquids production, World, Monthly — thousand barrels per day",2002-11,2002-11-01,79023.16860465736,79023.16860465736,M,wld,thou,Monthly,WLD,thousand barrels per day
monthly,EIA,INTL,International Energy Data,53-1-WORL-TBPD.M,"Petroleum and other liquids production, World, Monthly — thousand barrels per day",2002-12,2002-12-01,77081.5213124963,77081.5213124963,M,wld,thou,Monthly,WLD,thousand barrels per day
monthly,EIA,INTL,International Energy Data,53-1-WORL-TBPD.M,"Petroleum and other liquids production, World, Monthly — thousand barrels per day",2003-01,2003-01-01,77533.6746608278,77533.6746608278,M,wld,thou,Monthly,WLD,thousand barrels per day
monthly,EIA,INTL,International Energy Data,53-1-WORL-TBPD.M,"Petroleum and other liquids production, World, Monthly — thousand barrels per day",2003-02,2003-02-01,79328.86422070983,79328.86422070983,M,wld,thou,Monthly,WLD,thousand barrels per day
monthly,EIA,INTL,International Energy Data,53-1-WORL-TBPD.M,"Petroleum and other liquids production, World, Monthly — thousand barrels per day",2003-03,2003-03-01,79803.4375425096,79803.4375425096,M,wld,thou,Monthly,WLD,thousand barrels per day
monthly,EIA,INTL,International Energy Data,53-1-WORL-TBPD.M,"Petroleum and other liquids production, World, Monthly — thousand barrels per day",2003-04,2003-04-01,78663.56633117977,78663.56633117977,M,wld,thou,Monthly,WLD,thousand barrels per day
monthly,EIA,INTL,International Energy Data,53-1-WORL-TBPD.M,"Petroleum and other liquids production, World, Monthly — thousand barrels per day",2003-05,2003-05-01,78614.01511932057,78614.01511932057,M,wld,thou,Monthly,WLD,thousand barrels per day
monthly,EIA,INTL,International Energy Data,53-1-WORL-TBPD.M,"Petroleum and other liquids production, World, Monthly — thousand barrels per day",2003-06,2003-06-01,77908.75947044845,77908.75947044845,M,wld,thou,Monthly,WLD,thousand barrels per day
monthly,EIA,INTL,International Energy Data,53-1-WORL-TBPD.M,"Petroleum and other liquids production, World, Monthly — thousand barrels per day",2003-07,2003-07-01,78740.4019836637,78740.4019836637,M,wld,thou,Monthly,WLD,thousand barrels per day
monthly,EIA,INTL,International Energy Data,53-1-WORL-TBPD.M,"Petroleum and other liquids production, World, Monthly — thousand barrels per day",2003-08,2003-08-01,79299.48145422142,79299.48145422142,M,wld,thou,Monthly,WLD,thousand barrels per day
monthly,EIA,INTL,International Energy Data,53-1-WORL-TBPD.M,"Petroleum and other liquids production, World, Monthly — thousand barrels per day",2003-09,2003-09-01,80085.76101984586,80085.76101984586,M,wld,thou,Monthly,WLD,thousand barrels per day
monthly,EIA,INTL,International Energy Data,53-1-WORL-TBPD.M,"Petroleum and other liquids production, World, Monthly — thousand barrels per day",2003-10,2003-10-01,81129.68428923638,81129.68428923638,M,wld,thou,Monthly,WLD,thousand barrels per day
monthly,EIA,INTL,International Energy Data,53-1-WORL-TBPD.M,"Petroleum and other liquids production, World, Monthly — thousand barrels per day",2003-11,2003-11-01,81497.17012257202,81497.17012257202,M,wld,thou,Monthly,WLD,thousand barrels per day
monthly,EIA,INTL,International Energy Data,53-1-WORL-TBPD.M,"Petroleum and other liquids production, World, Monthly — thousand barrels per day",2003-12,2003-12-01,82836.44115790642,82836.44115790642,M,wld,thou,Monthly,WLD,thousand barrels per day
monthly,EIA,INTL,International Energy Data,53-1-WORL-TBPD.M,"Petroleum and other liquids production, World, Monthly — thousand barrels per day",2004-01,2004-01-01,82776.946,82776.946,M,wld,thou,Monthly,WLD,thousand barrels per day
monthly,EIA,INTL,International Energy Data,53-1-WORL-TBPD.M,"Petroleum and other liquids production, World, Monthly — thousand barrels per day",2004-02,2004-02-01,82790.684,82790.684,M,wld,thou,Monthly,WLD,thousand barrels per day
monthly,EIA,INTL,International Energy Data,53-1-WORL-TBPD.M,"Petroleum and other liquids production, World, Monthly — thousand barrels per day",2004-03,2004-03-01,82695.079,82695.079,M,wld,thou,Monthly,WLD,thousand barrels per day
monthly,EIA,INTL,International Energy Data,53-1-WORL-TBPD.M,"Petroleum and other liquids production, World, Monthly — thousand barrels per day",2004-04,2004-04-01,82569.962,82569.962,M,wld,thou,Monthly,WLD,thousand barrels per day
monthly,EIA,INTL,International Energy Data,53-1-WORL-TBPD.M,"Petroleum and other liquids production, World, Monthly — thousand barrels per day",2004-05,2004-05-01,82147.572,82147.572,M,wld,thou,Monthly,WLD,thousand barrels per day
monthly,EIA,INTL,International Energy Data,53-1-WORL-TBPD.M,"Petroleum and other liquids production, World, Monthly — thousand barrels per day",2004-06,2004-06-01,83793.3,83793.3,M,wld,thou,Monthly,WLD,thousand barrels per day
monthly,EIA,INTL,International Energy Data,53-1-WORL-TBPD.M,"Petroleum and other liquids production, World, Monthly — thousand barrels per day",2004-07,2004-07-01,84409.856,84409.856,M,wld,thou,Monthly,WLD,thousand barrels per day
monthly,EIA,INTL,International Energy Data,53-1-WORL-TBPD.M,"Petroleum and other liquids production, World, Monthly — thousand barrels per day",2004-08,2004-08-01,83355.688,83355.688,M,wld,thou,Monthly,WLD,thousand barrels per day
monthly,EIA,INTL,International Energy Data,53-1-WORL-TBPD.M,"Petroleum and other liquids production, World, Monthly — thousand barrels per day",2004-09,2004-09-01,83907.353,83907.353,M,wld,thou,Monthly,WLD,thousand barrels per day
monthly,EIA,INTL,International Energy Data,53-1-WORL-TBPD.M,"Petroleum and other liquids production, World, Monthly — thousand barrels per day",2004-10,2004-10-01,84804.735,84804.735,M,wld,thou,Monthly,WLD,thousand barrels per day
monthly,EIA,INTL,International Energy Data,53-1-WORL-TBPD.M,"Petroleum and other liquids production, World, Monthly — thousand barrels per day",2004-11,2004-11-01,84651.919,84651.919,M,wld,thou,Monthly,WLD,thousand barrels per day
monthly,EIA,INTL,International Energy Data,53-1-WORL-TBPD.M,"Petroleum and other liquids production, World, Monthly — thousand barrels per day",2004-12,2004-12-01,84314.773,84314.773,M,wld,thou,Monthly,WLD,thousand barrels per day
monthly,EIA,INTL,International Energy Data,53-1-WORL-TBPD.M,"Petroleum and other liquids production, World, Monthly — thousand barrels per day",2005-01,2005-01-01,84629.643,84629.643,M,wld,thou,Monthly,WLD,thousand barrels per day
monthly,EIA,INTL,International Energy Data,53-1-WORL-TBPD.M,"Petroleum and other liquids production, World, Monthly — thousand barrels per day",2005-02,2005-02-01,85025.2,85025.2,M,wld,thou,Monthly,WLD,thousand barrels per day
monthly,EIA,INTL,International Energy Data,53-1-WORL-TBPD.M,"Petroleum and other liquids production, World, Monthly — thousand barrels per day",2005-03,2005-03-01,85150.02,85150.02,M,wld,thou,Monthly,WLD,thousand barrels per day
monthly,EIA,INTL,International Energy Data,53-1-WORL-TBPD.M,"Petroleum and other liquids production, World, Monthly — thousand barrels per day",2005-04,2005-04-01,85610.176,85610.176,M,wld,thou,Monthly,WLD,thousand barrels per day
monthly,EIA,INTL,International Energy Data,53-1-WORL-TBPD.M,"Petroleum and other liquids production, World, Monthly — thousand barrels per day",2005-05,2005-05-01,85899.564,85899.564,M,wld,thou,Monthly,WLD,thousand barrels per day
monthly,EIA,INTL,International Energy Data,53-1-WORL-TBPD.M,"Petroleum and other liquids production, World, Monthly — thousand barrels per day",2005-06,2005-06-01,85409.476,85409.476,M,wld,thou,Monthly,WLD,thousand barrels per day
monthly,EIA,INTL,International Energy Data,53-1-WORL-TBPD.M,"Petroleum and other liquids production, World, Monthly — thousand barrels per day",2005-07,2005-07-01,85073.378,85073.378,M,wld,thou,Monthly,WLD,thousand barrels per day
monthly,EIA,INTL,International Energy Data,53-1-WORL-TBPD.M,"Petroleum and other liquids production, World, Monthly — thousand barrels per day",2005-08,2005-08-01,85323.399,85323.399,M,wld,thou,Monthly,WLD,thousand barrels per day
monthly,EIA,INTL,International Energy Data,53-1-WORL-TBPD.M,"Petroleum and other liquids production, World, Monthly — thousand barrels per day",2005-09,2005-09-01,84633.615,84633.615,M,wld,thou,Monthly,WLD,thousand barrels per day
monthly,EIA,INTL,International Energy Data,53-1-WORL-TBPD.M,"Petroleum and other liquids production, World, Monthly — thousand barrels per day",2005-10,2005-10-01,84580.843,84580.843,M,wld,thou,Monthly,WLD,thousand barrels per day
monthly,EIA,INTL,International Energy Data,53-1-WORL-TBPD.M,"Petroleum and other liquids production, World, Monthly — thousand barrels per day",2005-11,2005-11-01,85430.766,85430.766,M,wld,thou,Monthly,WLD,thousand barrels per day
monthly,EIA,INTL,International Energy Data,53-1-WORL-TBPD.M,"Petroleum and other liquids production, World, Monthly — thousand barrels per day",2005-12,2005-12-01,85143.014,85143.014,M,wld,thou,Monthly,WLD,thousand barrels per day
monthly,EIA,INTL,International Energy Data,53-1-WORL-TBPD.M,"Petroleum and other liquids production, World, Monthly — thousand barrels per day",2006-01,2006-01-01,85087.904,85087.904,M,wld,thou,Monthly,WLD,thousand barrels per day
monthly,EIA,INTL,International Energy Data,53-1-WORL-TBPD.M,"Petroleum and other liquids production, World, Monthly — thousand barrels per day",2006-02,2006-02-01,85148.529,85148.529,M,wld,thou,Monthly,WLD,thousand barrels per day
monthly,EIA,INTL,International Energy Data,53-1-WORL-TBPD.M,"Petroleum and other liquids production, World, Monthly — thousand barrels per day",2006-03,2006-03-01,84744.788,84744.788,M,wld,thou,Monthly,WLD,thousand barrels per day
monthly,EIA,INTL,International Energy Data,53-1-WORL-TBPD.M,"Petroleum and other liquids production, World, Monthly — thousand barrels per day",2006-04,2006-04-01,85066.179,85066.179,M,wld,thou,Monthly,WLD,thousand barrels per day
monthly,EIA,INTL,International Energy Data,53-1-WORL-TBPD.M,"Petroleum and other liquids production, World, Monthly — thousand barrels per day",2006-05,2006-05-01,84860.376,84860.376,M,wld,thou,Monthly,WLD,thousand barrels per day
monthly,EIA,INTL,International Energy Data,53-1-WORL-TBPD.M,"Petroleum and other liquids production, World, Monthly — thousand barrels per day",2006-06,2006-06-01,84852.074,84852.074,M,wld,thou,Monthly,WLD,thousand barrels per day
monthly,EIA,INTL,International Energy Data,53-1-WORL-TBPD.M,"Petroleum and other liquids production, World, Monthly — thousand barrels per day",2006-07,2006-07-01,86186.1,86186.1,M,wld,thou,Monthly,WLD,thousand barrels per day
monthly,EIA,INTL,International Energy Data,53-1-WORL-TBPD.M,"Petroleum and other liquids production, World, Monthly — thousand barrels per day",2006-08,2006-08-01,85995.136,85995.136,M,wld,thou,Monthly,WLD,thousand barrels per day
monthly,EIA,INTL,International Energy Data,53-1-WORL-TBPD.M,"Petroleum and other liquids production, World, Monthly — thousand barrels per day",2006-09,2006-09-01,85481.183,85481.183,M,wld,thou,Monthly,WLD,thousand barrels per day
monthly,EIA,INTL,International Energy Data,53-1-WORL-TBPD.M,"Petroleum and other liquids production, World, Monthly — thousand barrels per day",2006-10,2006-10-01,85737.973,85737.973,M,wld,thou,Monthly,WLD,thousand barrels per day
monthly,EIA,INTL,International Energy Data,53-1-WORL-TBPD.M,"Petroleum and other liquids production, World, Monthly — thousand barrels per day",2006-11,2006-11-01,85202.988,85202.988,M,wld,thou,Monthly,WLD,thousand barrels per day
monthly,EIA,INTL,International Energy Data,53-1-WORL-TBPD.M,"Petroleum and other liquids production, World, Monthly — thousand barrels per day",2006-12,2006-12-01,84953.839,84953.839,M,wld,thou,Monthly,WLD,thousand barrels per day
monthly,EIA,INTL,International Energy Data,53-1-WORL-TBPD.M,"Petroleum and other liquids production, World, Monthly — thousand barrels per day",2007-01,2007-01-01,84732.535,84732.535,M,wld,thou,Monthly,WLD,thousand barrels per day
monthly,EIA,INTL,International Energy Data,53-1-WORL-TBPD.M,"Petroleum and other liquids production, World, Monthly — thousand barrels per day",2007-02,2007-02-01,84999.949,84999.949,M,wld,thou,Monthly,WLD,thousand barrels per day
monthly,EIA,INTL,International Energy Data,53-1-WORL-TBPD.M,"Petroleum and other liquids production, World, Monthly — thousand barrels per day",2007-03,2007-03-01,84876.923,84876.923,M,wld,thou,Monthly,WLD,thousand barrels per day
monthly,EIA,INTL,International Energy Data,53-1-WORL-TBPD.M,"Petroleum and other liquids production, World, Monthly — thousand barrels per day",2007-04,2007-04-01,85299.74,85299.74,M,wld,thou,Monthly,WLD,thousand barrels per day
monthly,EIA,INTL,International Energy Data,53-1-WORL-TBPD.M,"Petroleum and other liquids production, World, Monthly — thousand barrels per day",2007-05,2007-05-01,84955.439,84955.439,M,wld,thou,Monthly,WLD,thousand barrels per day
monthly,EIA,INTL,International Energy Data,53-1-WORL-TBPD.M,"Petroleum and other liquids production, World, Monthly — thousand barrels per day",2007-06,2007-06-01,84944.118,84944.118,M,wld,thou,Monthly,WLD,thousand barrels per day
monthly,EIA,INTL,International Energy Data,53-1-WORL-TBPD.M,"Petroleum and other liquids production, World, Monthly — thousand barrels per day",2007-07,2007-07-01,85424.793,85424.793,M,wld,thou,Monthly,WLD,thousand barrels per day
monthly,EIA,INTL,International Energy Data,53-1-WORL-TBPD.M,"Petroleum and other liquids production, World, Monthly — thousand barrels per day",2007-08,2007-08-01,84612.174,84612.174,M,wld,thou,Monthly,WLD,thousand barrels per day
monthly,EIA,INTL,International Energy Data,53-1-WORL-TBPD.M,"Petroleum and other liquids production, World, Monthly — thousand barrels per day",2007-09,2007-09-01,85450.939,85450.939,M,wld,thou,Monthly,WLD,thousand barrels per day
monthly,EIA,INTL,International Energy Data,53-1-WORL-TBPD.M,"Petroleum and other liquids production, World, Monthly — thousand barrels per day",2007-10,2007-10-01,86197.094,86197.094,M,wld,thou,Monthly,WLD,thousand barrels per day
monthly,EIA,INTL,International Energy Data,53-1-WORL-TBPD.M,"Petroleum and other liquids production, World, Monthly — thousand barrels per day",2007-11,2007-11-01,85959.326,85959.326,M,wld,thou,Monthly,WLD,thousand barrels per day
monthly,EIA,INTL,International Energy Data,53-1-WORL-TBPD.M,"Petroleum and other liquids production, World, Monthly — thousand barrels per day",2007-12,2007-12-01,86491.174,86491.174,M,wld,thou,Monthly,WLD,thousand barrels per day
monthly,EIA,INTL,International Energy Data,53-1-WORL-TBPD.M,"Petroleum and other liquids production, World, Monthly — thousand barrels per day",2008-01,2008-01-01,86583.458147,86583.458147,M,wld,thou,Monthly,WLD,thousand barrels per day
monthly,EIA,INTL,International Energy Data,53-1-WORL-TBPD.M,"Petroleum and other liquids production, World, Monthly — thousand barrels per day",2008-02,2008-02-01,86661.419147,86661.419147,M,wld,thou,Monthly,WLD,thousand barrels per day
monthly,EIA,INTL,International Energy Data,53-1-WORL-TBPD.M,"Petroleum and other liquids production, World, Monthly — thousand barrels per day",2008-03,2008-03-01,86885.512147,86885.512147,M,wld,thou,Monthly,WLD,thousand barrels per day
monthly,EIA,INTL,International Energy Data,53-1-WORL-TBPD.M,"Petroleum and other liquids production, World, Monthly — thousand barrels per day",2008-04,2008-04-01,86415.275147,86415.275147,M,wld,thou,Monthly,WLD,thousand barrels per day
monthly,EIA,INTL,International Energy Data,53-1-WORL-TBPD.M,"Petroleum and other liquids production, World, Monthly — thousand barrels per day",2008-05,2008-05-01,87152.634147,87152.634147,M,wld,thou,Monthly,WLD,thousand barrels per day
monthly,EIA,INTL,International Energy Data,53-1-WORL-TBPD.M,"Petroleum and other liquids production, World, Monthly — thousand barrels per day",2008-06,2008-06-01,87098.230147,87098.230147,M,wld,thou,Monthly,WLD,thousand barrels per day
monthly,EIA,INTL,International Energy Data,53-1-WORL-TBPD.M,"Petroleum and other liquids production, World, Monthly — thousand barrels per day",2008-07,2008-07-01,88093.293147,88093.293147,M,wld,thou,Monthly,WLD,thousand barrels per day
monthly,EIA,INTL,International Energy Data,53-1-WORL-TBPD.M,"Petroleum and other liquids production, World, Monthly — thousand barrels per day",2008-08,2008-08-01,87144.801147,87144.801147,M,wld,thou,Monthly,WLD,thousand barrels per day
monthly,EIA,INTL,International Energy Data,53-1-WORL-TBPD.M,"Petroleum and other liquids production, World, Monthly — thousand barrels per day",2008-09,2008-09-01,85533.257147,85533.257147,M,wld,thou,Monthly,WLD,thousand barrels per day
monthly,EIA,INTL,International Energy Data,53-1-WORL-TBPD.M,"Petroleum and other liquids production, World, Monthly — thousand barrels per day",2008-10,2008-10-01,87137.508147,87137.508147,M,wld,thou,Monthly,WLD,thousand barrels per day
monthly,EIA,INTL,International Energy Data,53-1-WORL-TBPD.M,"Petroleum and other liquids production, World, Monthly — thousand barrels per day",2008-11,2008-11-01,86878.714147,86878.714147,M,wld,thou,Monthly,WLD,thousand barrels per day
monthly,EIA,INTL,International Energy Data,53-1-WORL-TBPD.M,"Petroleum and other liquids production, World, Monthly — thousand barrels per day",2008-12,2008-12-01,85581.781147,85581.781147,M,wld,thou,Monthly,WLD,thousand barrels per day
monthly,EIA,INTL,International Energy Data,53-1-WORL-TBPD.M,"Petroleum and other liquids production, World, Monthly — thousand barrels per day",2009-01,2009-01-01,84285.685636,84285.685636,M,wld,thou,Monthly,WLD,thousand barrels per day
monthly,EIA,INTL,International Energy Data,53-1-WORL-TBPD.M,"Petroleum and other liquids production, World, Monthly — thousand barrels per day",2009-02,2009-02-01,84842.706636,84842.706636,M,wld,thou,Monthly,WLD,thousand barrels per day
monthly,EIA,INTL,International Energy Data,53-1-WORL-TBPD.M,"Petroleum and other liquids production, World, Monthly — thousand barrels per day",2009-03,2009-03-01,84721.964636,84721.964636,M,wld,thou,Monthly,WLD,thousand barrels per day
monthly,EIA,INTL,International Energy Data,53-1-WORL-TBPD.M,"Petroleum and other liquids production, World, Monthly — thousand barrels per day",2009-04,2009-04-01,85184.916636,85184.916636,M,wld,thou,Monthly,WLD,thousand barrels per day
monthly,EIA,INTL,International Energy Data,53-1-WORL-TBPD.M,"Petroleum and other liquids production, World, Monthly — thousand barrels per day",2009-05,2009-05-01,85136.42763600001,85136.42763600001,M,wld,thou,Monthly,WLD,thousand barrels per day
monthly,EIA,INTL,International Energy Data,53-1-WORL-TBPD.M,"Petroleum and other liquids production, World, Monthly — thousand barrels per day",2009-06,2009-06-01,85410.498636,85410.498636,M,wld,thou,Monthly,WLD,thousand barrels per day
monthly,EIA,INTL,International Energy Data,53-1-WORL-TBPD.M,"Petroleum and other liquids production, World, Monthly — thousand barrels per day",2009-07,2009-07-01,86315.844636,86315.844636,M,wld,thou,Monthly,WLD,thousand barrels per day
monthly,EIA,INTL,International Energy Data,53-1-WORL-TBPD.M,"Petroleum and other liquids production, World, Monthly — thousand barrels per day",2009-08,2009-08-01,85948.396636,85948.396636,M,wld,thou,Monthly,WLD,thousand barrels per day
monthly,EIA,INTL,International Energy Data,53-1-WORL-TBPD.M,"Petroleum and other liquids production, World, Monthly — thousand barrels per day",2009-09,2009-09-01,86361.269636,86361.269636,M,wld,thou,Monthly,WLD,thousand barrels per day
monthly,EIA,INTL,International Energy Data,53-1-WORL-TBPD.M,"Petroleum and other liquids production, World, Monthly — thousand barrels per day",2009-10,2009-10-01,86842.573636,86842.573636,M,wld,thou,Monthly,WLD,thousand barrels per day
monthly,EIA,INTL,International Energy Data,53-1-WORL-TBPD.M,"Petroleum and other liquids production, World, Monthly — thousand barrels per day",2009-11,2009-11-01,86983.431636,86983.431636,M,wld,thou,Monthly,WLD,thousand barrels per day
monthly,EIA,INTL,International Energy Data,53-1-WORL-TBPD.M,"Petroleum and other liquids production, World, Monthly — thousand barrels per day",2009-12,2009-12-01,86511.136636,86511.136636,M,wld,thou,Monthly,WLD,thousand barrels per day
monthly,EIA,INTL,International Energy Data,53-1-WORL-TBPD.M,"Petroleum and other liquids production, World, Monthly — thousand barrels per day",2010-01,2010-01-01,86276.74373767762,86276.74373767762,M,wld,thou,Monthly,WLD,thousand barrels per day
monthly,EIA,INTL,International Energy Data,53-1-WORL-TBPD.M,"Petroleum and other liquids production, World, Monthly — thousand barrels per day",2010-02,2010-02-01,86716.52573767763,86716.52573767763,M,wld,thou,Monthly,WLD,thousand barrels per day
monthly,EIA,INTL,International Energy Data,53-1-WORL-TBPD.M,"Petroleum and other liquids production, World, Monthly — thousand barrels per day",2010-03,2010-03-01,86980.51673767762,86980.51673767762,M,wld,thou,Monthly,WLD,thousand barrels per day
monthly,EIA,INTL,International Energy Data,53-1-WORL-TBPD.M,"Petroleum and other liquids production, World, Monthly — thousand barrels per day",2010-04,2010-04-01,87131.62073767763,87131.62073767763,M,wld,thou,Monthly,WLD,thousand barrels per day
monthly,EIA,INTL,International Energy Data,53-1-WORL-TBPD.M,"Petroleum and other liquids production, World, Monthly — thousand barrels per day",2010-05,2010-05-01,87419.73173767762,87419.73173767762,M,wld,thou,Monthly,WLD,thousand barrels per day
monthly,EIA,INTL,International Energy Data,53-1-WORL-TBPD.M,"Petroleum and other liquids production, World, Monthly — thousand barrels per day",2010-06,2010-06-01,87091.02573767763,87091.02573767763,M,wld,thou,Monthly,WLD,thousand barrels per day
monthly,EIA,INTL,International Energy Data,53-1-WORL-TBPD.M,"Petroleum and other liquids production, World, Monthly — thousand barrels per day",2010-07,2010-07-01,87415.70873767763,87415.70873767763,M,wld,thou,Monthly,WLD,thousand barrels per day
monthly,EIA,INTL,International Energy Data,53-1-WORL-TBPD.M,"Petroleum and other liquids production, World, Monthly — thousand barrels per day",2010-08,2010-08-01,87330.95573767762,87330.95573767762,M,wld,thou,Monthly,WLD,thousand barrels per day
monthly,EIA,INTL,International Energy Data,53-1-WORL-TBPD.M,"Petroleum and other liquids production, World, Monthly — thousand barrels per day",2010-09,2010-09-01,87470.39473767762,87470.39473767762,M,wld,thou,Monthly,WLD,thousand barrels per day
monthly,EIA,INTL,International Energy Data,53-1-WORL-TBPD.M,"Petroleum and other liquids production, World, Monthly — thousand barrels per day",2010-10,2010-10-01,87760.10473767763,87760.10473767763,M,wld,thou,Monthly,WLD,thousand barrels per day
monthly,EIA,INTL,International Energy Data,53-1-WORL-TBPD.M,"Petroleum and other liquids production, World, Monthly — thousand barrels per day",2010-11,2010-11-01,88080.54973767762,88080.54973767762,M,wld,thou,Monthly,WLD,thousand barrels per day
monthly,EIA,INTL,International Energy Data,53-1-WORL-TBPD.M,"Petroleum and other liquids production, World, Monthly — thousand barrels per day",2010-12,2010-12-01,88091.59673767762,88091.59673767762,M,wld,thou,Monthly,WLD,thousand barrels per day
monthly,EIA,INTL,International Energy Data,53-1-WORL-TBPD.M,"Petroleum and other liquids production, World, Monthly — thousand barrels per day",2011-01,2011-01-01,88949.1942665904,88949.1942665904,M,wld,thou,Monthly,WLD,thousand barrels per day
monthly,EIA,INTL,International Energy Data,53-1-WORL-TBPD.M,"Petroleum and other liquids production, World, Monthly — thousand barrels per day",2011-02,2011-02-01,88208.30826659041,88208.30826659041,M,wld,thou,Monthly,WLD,thousand barrels per day
monthly,EIA,INTL,International Energy Data,53-1-WORL-TBPD.M,"Petroleum and other liquids production, World, Monthly — thousand barrels per day",2011-03,2011-03-01,87313.1792665904,87313.1792665904,M,wld,thou,Monthly,WLD,thousand barrels per day
monthly,EIA,INTL,International Energy Data,53-1-WORL-TBPD.M,"Petroleum and other liquids production, World, Monthly — thousand barrels per day",2011-04,2011-04-01,87295.51326659041,87295.51326659041,M,wld,thou,Monthly,WLD,thousand barrels per day
monthly,EIA,INTL,International Energy Data,53-1-WORL-TBPD.M,"Petroleum and other liquids production, World, Monthly — thousand barrels per day",2011-05,2011-05-01,87138.93726659041,87138.93726659041,M,wld,thou,Monthly,WLD,thousand barrels per day
monthly,EIA,INTL,International Energy Data,53-1-WORL-TBPD.M,"Petroleum and other liquids production, World, Monthly — thousand barrels per day",2011-06,2011-06-01,88056.8192665904,88056.8192665904,M,wld,thou,Monthly,WLD,thousand barrels per day
monthly,EIA,INTL,International Energy Data,53-1-WORL-TBPD.M,"Petroleum and other liquids production, World, Monthly — thousand barrels per day",2011-07,2011-07-01,88567.72526659041,88567.72526659041,M,wld,thou,Monthly,WLD,thousand barrels per day
monthly,EIA,INTL,International Energy Data,53-1-WORL-TBPD.M,"Petroleum and other liquids production, World, Monthly — thousand barrels per day",2011-08,2011-08-01,89066.73826659042,89066.73826659042,M,wld,thou,Monthly,WLD,thousand barrels per day
monthly,EIA,INTL,International Energy Data,53-1-WORL-TBPD.M,"Petroleum and other liquids production, World, Monthly — thousand barrels per day",2011-09,2011-09-01,88343.4592665904,88343.4592665904,M,wld,thou,Monthly,WLD,thousand barrels per day
monthly,EIA,INTL,International Energy Data,53-1-WORL-TBPD.M,"Petroleum and other liquids production, World, Monthly — thousand barrels per day",2011-10,2011-10-01,88819.89026659042,88819.89026659042,M,wld,thou,Monthly,WLD,thousand barrels per day
monthly,EIA,INTL,International Energy Data,53-1-WORL-TBPD.M,"Petroleum and other liquids production, World, Monthly — thousand barrels per day",2011-11,2011-11-01,89829.35226659042,89829.35226659042,M,wld,thou,Monthly,WLD,thousand barrels per day
monthly,EIA,INTL,International Energy Data,53-1-WORL-TBPD.M,"Petroleum and other liquids production, World, Monthly — thousand barrels per day",2011-12,2011-12-01,90150.2692665904,90150.2692665904,M,wld,thou,Monthly,WLD,thousand barrels per day
monthly,EIA,INTL,International Energy Data,53-1-WORL-TBPD.M,"Petroleum and other liquids production, World, Monthly — thousand barrels per day",2012-01,2012-01-01,90574.5338200825,90574.5338200825,M,wld,thou,Monthly,WLD,thousand barrels per day
monthly,EIA,INTL,International Energy Data,53-1-WORL-TBPD.M,"Petroleum and other liquids production, World, Monthly — thousand barrels per day",2012-02,2012-02-01,90890.04282008251,90890.04282008251,M,wld,thou,Monthly,WLD,thousand barrels per day
monthly,EIA,INTL,International Energy Data,53-1-WORL-TBPD.M,"Petroleum and other liquids production, World, Monthly — thousand barrels per day",2012-03,2012-03-01,90626.15782008252,90626.15782008252,M,wld,thou,Monthly,WLD,thousand barrels per day
monthly,EIA,INTL,International Energy Data,53-1-WORL-TBPD.M,"Petroleum and other liquids production, World, Monthly — thousand barrels per day",2012-04,2012-04-01,91031.62282008251,91031.62282008251,M,wld,thou,Monthly,WLD,thousand barrels per day
monthly,EIA,INTL,International Energy Data,53-1-WORL-TBPD.M,"Petroleum and other liquids production, World, Monthly — thousand barrels per day",2012-05,2012-05-01,90623.90482008252,90623.90482008252,M,wld,thou,Monthly,WLD,thousand barrels per day
monthly,EIA,INTL,International Energy Data,53-1-WORL-TBPD.M,"Petroleum and other liquids production, World, Monthly — thousand barrels per day",2012-06,2012-06-01,90342.68282008251,90342.68282008251,M,wld,thou,Monthly,WLD,thousand barrels per day
monthly,EIA,INTL,International Energy Data,53-1-WORL-TBPD.M,"Petroleum and other liquids production, World, Monthly — thousand barrels per day",2012-07,2012-07-01,90794.92882008251,90794.92882008251,M,wld,thou,Monthly,WLD,thousand barrels per day
monthly,EIA,INTL,International Energy Data,53-1-WORL-TBPD.M,"Petroleum and other liquids production, World, Monthly — thousand barrels per day",2012-08,2012-08-01,90888.53282008252,90888.53282008252,M,wld,thou,Monthly,WLD,thousand barrels per day
monthly,EIA,INTL,International Energy Data,53-1-WORL-TBPD.M,"Petroleum and other liquids production, World, Monthly — thousand barrels per day",2012-09,2012-09-01,90175.83782008251,90175.83782008251,M,wld,thou,Monthly,WLD,thousand barrels per day
monthly,EIA,INTL,International Energy Data,53-1-WORL-TBPD.M,"Petroleum and other liquids production, World, Monthly — thousand barrels per day",2012-10,2012-10-01,90876.50782008251,90876.50782008251,M,wld,thou,Monthly,WLD,thousand barrels per day
monthly,EIA,INTL,International Energy Data,53-1-WORL-TBPD.M,"Petroleum and other liquids production, World, Monthly — thousand barrels per day",2012-11,2012-11-01,91367.25282008252,91367.25282008252,M,wld,thou,Monthly,WLD,thousand barrels per day
monthly,EIA,INTL,International Energy Data,53-1-WORL-TBPD.M,"Petroleum and other liquids production, World, Monthly — thousand barrels per day",2012-12,2012-12-01,91042.91182008252,91042.91182008252,M,wld,thou,Monthly,WLD,thousand barrels per day
monthly,EIA,INTL,International Energy Data,53-1-WORL-TBPD.M,"Petroleum and other liquids production, World, Monthly — thousand barrels per day",2013-01,2013-01-01,90211.28986327215,90211.28986327215,M,wld,thou,Monthly,WLD,thousand barrels per day
monthly,EIA,INTL,International Energy Data,53-1-WORL-TBPD.M,"Petroleum and other liquids production, World, Monthly — thousand barrels per day",2013-02,2013-02-01,89979.64686327215,89979.64686327215,M,wld,thou,Monthly,WLD,thousand barrels per day
monthly,EIA,INTL,International Energy Data,53-1-WORL-TBPD.M,"Petroleum and other liquids production, World, Monthly — thousand barrels per day",2013-03,2013-03-01,90223.92486327214,90223.92486327214,M,wld,thou,Monthly,WLD,thousand barrels per day
monthly,EIA,INTL,International Energy Data,53-1-WORL-TBPD.M,"Petroleum and other liquids production, World, Monthly — thousand barrels per day",2013-04,2013-04-01,91062.26486327214,91062.26486327214,M,wld,thou,Monthly,WLD,thousand barrels per day
monthly,EIA,INTL,International Energy Data,53-1-WORL-TBPD.M,"Petroleum and other liquids production, World, Monthly — thousand barrels per day",2013-05,2013-05-01,91203.60286327214,91203.60286327214,M,wld,thou,Monthly,WLD,thousand barrels per day
monthly,EIA,INTL,International Energy Data,53-1-WORL-TBPD.M,"Petroleum and other liquids production, World, Monthly — thousand barrels per day",2013-06,2013-06-01,91338.63986327214,91338.63986327214,M,wld,thou,Monthly,WLD,thousand barrels per day
monthly,EIA,INTL,International Energy Data,53-1-WORL-TBPD.M,"Petroleum and other liquids production, World, Monthly — thousand barrels per day",2013-07,2013-07-01,92215.79486327215,92215.79486327215,M,wld,thou,Monthly,WLD,thousand barrels per day
monthly,EIA,INTL,International Energy Data,53-1-WORL-TBPD.M,"Petroleum and other liquids production, World, Monthly — thousand barrels per day",2013-08,2013-08-01,92053.14886327214,92053.14886327214,M,wld,thou,Monthly,WLD,thousand barrels per day
monthly,EIA,INTL,International Energy Data,53-1-WORL-TBPD.M,"Petroleum and other liquids production, World, Monthly — thousand barrels per day",2013-09,2013-09-01,91429.22386327214,91429.22386327214,M,wld,thou,Monthly,WLD,thousand barrels per day
monthly,EIA,INTL,International Energy Data,53-1-WORL-TBPD.M,"Petroleum and other liquids production, World, Monthly — thousand barrels per day",2013-10,2013-10-01,91684.32086327215,91684.32086327215,M,wld,thou,Monthly,WLD,thousand barrels per day
monthly,EIA,INTL,International Energy Data,53-1-WORL-TBPD.M,"Petroleum and other liquids production, World, Monthly — thousand barrels per day",2013-11,2013-11-01,92014.21486327215,92014.21486327215,M,wld,thou,Monthly,WLD,thousand barrels per day
monthly,EIA,INTL,International Energy Data,53-1-WORL-TBPD.M,"Petroleum and other liquids production, World, Monthly — thousand barrels per day",2013-12,2013-12-01,92145.46386327215,92145.46386327215,M,wld,thou,Monthly,WLD,thousand barrels per day
monthly,EIA,INTL,International Energy Data,53-1-WORL-TBPD.M,"Petroleum and other liquids production, World, Monthly — thousand barrels per day",2014-01,2014-01-01,92202.0163135096,92202.0163135096,M,wld,thou,Monthly,WLD,thousand barrels per day
monthly,EIA,INTL,International Energy Data,53-1-WORL-TBPD.M,"Petroleum and other liquids production, World, Monthly — thousand barrels per day",2014-02,2014-02-01,92758.63431350958,92758.63431350958,M,wld,thou,Monthly,WLD,thousand barrels per day
monthly,EIA,INTL,International Energy Data,53-1-WORL-TBPD.M,"Petroleum and other liquids production, World, Monthly — thousand barrels per day",2014-03,2014-03-01,92084.56131350959,92084.56131350959,M,wld,thou,Monthly,WLD,thousand barrels per day
monthly,EIA,INTL,International Energy Data,53-1-WORL-TBPD.M,"Petroleum and other liquids production, World, Monthly — thousand barrels per day",2014-04,2014-04-01,92398.33031350959,92398.33031350959,M,wld,thou,Monthly,WLD,thousand barrels per day
monthly,EIA,INTL,International Energy Data,53-1-WORL-TBPD.M,"Petroleum and other liquids production, World, Monthly — thousand barrels per day",2014-05,2014-05-01,92831.2663135096,92831.2663135096,M,wld,thou,Monthly,WLD,thousand barrels per day
monthly,EIA,INTL,International Energy Data,53-1-WORL-TBPD.M,"Petroleum and other liquids production, World, Monthly — thousand barrels per day",2014-06,2014-06-01,93592.91631350959,93592.91631350959,M,wld,thou,Monthly,WLD,thousand barrels per day
monthly,EIA,INTL,International Energy Data,53-1-WORL-TBPD.M,"Petroleum and other liquids production, World, Monthly — thousand barrels per day",2014-07,2014-07-01,93857.20131350959,93857.20131350959,M,wld,thou,Monthly,WLD,thousand barrels per day
monthly,EIA,INTL,International Energy Data,53-1-WORL-TBPD.M,"Petroleum and other liquids production, World, Monthly — thousand barrels per day",2014-08,2014-08-01,94294.98831350959,94294.98831350959,M,wld,thou,Monthly,WLD,thousand barrels per day
monthly,EIA,INTL,International Energy Data,53-1-WORL-TBPD.M,"Petroleum and other liquids production, World, Monthly — thousand barrels per day",2014-09,2014-09-01,94790.29631350959,94790.29631350959,M,wld,thou,Monthly,WLD,thousand barrels per day
monthly,EIA,INTL,International Energy Data,53-1-WORL-TBPD.M,"Petroleum and other liquids production, World, Monthly — thousand barrels per day",2014-10,2014-10-01,96046.90131350959,96046.90131350959,M,wld,thou,Monthly,WLD,thousand barrels per day
monthly,EIA,INTL,International Energy Data,53-1-WORL-TBPD.M,"Petroleum and other liquids production, World, Monthly — thousand barrels per day",2014-11,2014-11-01,95586.04531350959,95586.04531350959,M,wld,thou,Monthly,WLD,thousand barrels per day
monthly,EIA,INTL,International Energy Data,53-1-WORL-TBPD.M,"Petroleum and other liquids production, World, Monthly — thousand barrels per day",2014-12,2014-12-01,96264.96031350958,96264.96031350958,M,wld,thou,Monthly,WLD,thousand barrels per day
monthly,EIA,INTL,International Energy Data,53-1-WORL-TBPD.M,"Petroleum and other liquids production, World, Monthly — thousand barrels per day",2015-01,2015-01-01,95054.1902271,95054.1902271,M,wld,thou,Monthly,WLD,thousand barrels per day
monthly,EIA,INTL,International Energy Data,53-1-WORL-TBPD.M,"Petroleum and other liquids production, World, Monthly — thousand barrels per day",2015-02,2015-02-01,94934.6972271,94934.6972271,M,wld,thou,Monthly,WLD,thousand barrels per day
monthly,EIA,INTL,International Energy Data,53-1-WORL-TBPD.M,"Petroleum and other liquids production, World, Monthly — thousand barrels per day",2015-03,2015-03-01,95944.8542271,95944.8542271,M,wld,thou,Monthly,WLD,thousand barrels per day
monthly,EIA,INTL,International Energy Data,53-1-WORL-TBPD.M,"Petroleum and other liquids production, World, Monthly — thousand barrels per day",2015-04,2015-04-01,96054.5432271,96054.5432271,M,wld,thou,Monthly,WLD,thousand barrels per day
monthly,EIA,INTL,International Energy Data,53-1-WORL-TBPD.M,"Petroleum and other liquids production, World, Monthly — thousand barrels per day",2015-05,2015-05-01,96204.7022271,96204.7022271,M,wld,thou,Monthly,WLD,thousand barrels per day
monthly,EIA,INTL,International Energy Data,53-1-WORL-TBPD.M,"Petroleum and other liquids production, World, Monthly — thousand barrels per day",2015-06,2015-06-01,96891.8702271,96891.8702271,M,wld,thou,Monthly,WLD,thousand barrels per day
monthly,EIA,INTL,International Energy Data,53-1-WORL-TBPD.M,"Petroleum and other liquids production, World, Monthly — thousand barrels per day",2015-07,2015-07-01,97417.8162271,97417.8162271,M,wld,thou,Monthly,WLD,thousand barrels per day
monthly,EIA,INTL,International Energy Data,53-1-WORL-TBPD.M,"Petroleum and other liquids production, World, Monthly — thousand barrels per day",2015-08,2015-08-01,97363.1232271,97363.1232271,M,wld,thou,Monthly,WLD,thousand barrels per day
monthly,EIA,INTL,International Energy Data,53-1-WORL-TBPD.M,"Petroleum and other liquids production, World, Monthly — thousand barrels per day",2015-09,2015-09-01,97057.4942271,97057.4942271,M,wld,thou,Monthly,WLD,thousand barrels per day
monthly,EIA,INTL,International Energy Data,53-1-WORL-TBPD.M,"Petroleum and other liquids production, World, Monthly — thousand barrels per day",2015-10,2015-10-01,97215.6872271,97215.6872271,M,wld,thou,Monthly,WLD,thousand barrels per day
monthly,EIA,INTL,International Energy Data,53-1-WORL-TBPD.M,"Petroleum and other liquids production, World, Monthly — thousand barrels per day",2015-11,2015-11-01,97645.8992271,97645.8992271,M,wld,thou,Monthly,WLD,thousand barrels per day
monthly,EIA,INTL,International Energy Data,53-1-WORL-TBPD.M,"Petroleum and other liquids production, World, Monthly — thousand barrels per day",2015-12,2015-12-01,97638.5082271,97638.5082271,M,wld,thou,Monthly,WLD,thousand barrels per day
monthly,EIA,INTL,International Energy Data,53-1-WORL-TBPD.M,"Petroleum and other liquids production, World, Monthly — thousand barrels per day",2016-01,2016-01-01,97355.81267589,97355.81267589,M,wld,thou,Monthly,WLD,thousand barrels per day
monthly,EIA,INTL,International Energy Data,53-1-WORL-TBPD.M,"Petroleum and other liquids production, World, Monthly — thousand barrels per day",2016-02,2016-02-01,96568.78367589,96568.78367589,M,wld,thou,Monthly,WLD,thousand barrels per day
monthly,EIA,INTL,International Energy Data,53-1-WORL-TBPD.M,"Petroleum and other liquids production, World, Monthly — thousand barrels per day",2016-03,2016-03-01,96587.08667589,96587.08667589,M,wld,thou,Monthly,WLD,thousand barrels per day
monthly,EIA,INTL,International Energy Data,53-1-WORL-TBPD.M,"Petroleum and other liquids production, World, Monthly — thousand barrels per day",2016-04,2016-04-01,96435.38667589,96435.38667589,M,wld,thou,Monthly,WLD,thousand barrels per day
monthly,EIA,INTL,International Energy Data,53-1-WORL-TBPD.M,"Petroleum and other liquids production, World, Monthly — thousand barrels per day",2016-05,2016-05-01,95998.32167589,95998.32167589,M,wld,thou,Monthly,WLD,thousand barrels per day
monthly,EIA,INTL,International Energy Data,53-1-WORL-TBPD.M,"Petroleum and other liquids production, World, Monthly — thousand barrels per day",2016-06,2016-06-01,96517.56367589,96517.56367589,M,wld,thou,Monthly,WLD,thousand barrels per day
monthly,EIA,INTL,International Energy Data,53-1-WORL-TBPD.M,"Petroleum and other liquids production, World, Monthly — thousand barrels per day",2016-07,2016-07-01,97576.36367589,97576.36367589,M,wld,thou,Monthly,WLD,thousand barrels per day
monthly,EIA,INTL,International Energy Data,53-1-WORL-TBPD.M,"Petroleum and other liquids production, World, Monthly — thousand barrels per day",2016-08,2016-08-01,96569.40567589,96569.40567589,M,wld,thou,Monthly,WLD,thousand barrels per day
monthly,EIA,INTL,International Energy Data,53-1-WORL-TBPD.M,"Petroleum and other liquids production, World, Monthly — thousand barrels per day",2016-09,2016-09-01,96729.20767589,96729.20767589,M,wld,thou,Monthly,WLD,thousand barrels per day
monthly,EIA,INTL,International Energy Data,53-1-WORL-TBPD.M,"Petroleum and other liquids production, World, Monthly — thousand barrels per day",2016-10,2016-10-01,97978.27267589,97978.27267589,M,wld,thou,Monthly,WLD,thousand barrels per day
monthly,EIA,INTL,International Energy Data,53-1-WORL-TBPD.M,"Petroleum and other liquids production, World, Monthly — thousand barrels per day",2016-11,2016-11-01,99089.37267589,99089.37267589,M,wld,thou,Monthly,WLD,thousand barrels per day
monthly,EIA,INTL,International Energy Data,53-1-WORL-TBPD.M,"Petroleum and other liquids production, World, Monthly — thousand barrels per day",2016-12,2016-12-01,97966.15867589,97966.15867589,M,wld,thou,Monthly,WLD,thousand barrels per day
monthly,EIA,INTL,International Energy Data,53-1-WORL-TBPD.M,"Petroleum and other liquids production, World, Monthly — thousand barrels per day",2017-01,2017-01-01,97008.42622795368,97008.42622795368,M,wld,thou,Monthly,WLD,thousand barrels per day
monthly,EIA,INTL,International Energy Data,53-1-WORL-TBPD.M,"Petroleum and other liquids production, World, Monthly — thousand barrels per day",2017-02,2017-02-01,96961.39280730845,96961.39280730845,M,wld,thou,Monthly,WLD,thousand barrels per day
monthly,EIA,INTL,International Energy Data,53-1-WORL-TBPD.M,"Petroleum and other liquids production, World, Monthly — thousand barrels per day",2017-03,2017-03-01,96690.51300315416,96690.51300315416,M,wld,thou,Monthly,WLD,thousand barrels per day
monthly,EIA,INTL,International Energy Data,53-1-WORL-TBPD.M,"Petroleum and other liquids production, World, Monthly — thousand barrels per day",2017-04,2017-04-01,96442.75143854023,96442.75143854023,M,wld,thou,Monthly,WLD,thousand barrels per day
monthly,EIA,INTL,International Energy Data,53-1-WORL-TBPD.M,"Petroleum and other liquids production, World, Monthly — thousand barrels per day",2017-05,2017-05-01,97400.60599458165,97400.60599458165,M,wld,thou,Monthly,WLD,thousand barrels per day
monthly,EIA,INTL,International Energy Data,53-1-WORL-TBPD.M,"Petroleum and other liquids production, World, Monthly — thousand barrels per day",2017-06,2017-06-01,98109.62970150688,98109.62970150688,M,wld,thou,Monthly,WLD,thousand barrels per day
monthly,EIA,INTL,International Energy Data,53-1-WORL-TBPD.M,"Petroleum and other liquids production, World, Monthly — thousand barrels per day",2017-07,2017-07-01,98720.04524473645,98720.04524473645,M,wld,thou,Monthly,WLD,thousand barrels per day
monthly,EIA,INTL,International Energy Data,53-1-WORL-TBPD.M,"Petroleum and other liquids production, World, Monthly — thousand barrels per day",2017-08,2017-08-01,98057.9004503182,98057.9004503182,M,wld,thou,Monthly,WLD,thousand barrels per day
monthly,EIA,INTL,International Energy Data,53-1-WORL-TBPD.M,"Petroleum and other liquids production, World, Monthly — thousand barrels per day",2017-09,2017-09-01,98086.14772884172,98086.14772884172,M,wld,thou,Monthly,WLD,thousand barrels per day
monthly,EIA,INTL,International Energy Data,53-1-WORL-TBPD.M,"Petroleum and other liquids production, World, Monthly — thousand barrels per day",2017-10,2017-10-01,98663.77214228085,98663.77214228085,M,wld,thou,Monthly,WLD,thousand barrels per day
monthly,EIA,INTL,International Energy Data,53-1-WORL-TBPD.M,"Petroleum and other liquids production, World, Monthly — thousand barrels per day",2017-11,2017-11-01,99159.87622341697,99159.87622341697,M,wld,thou,Monthly,WLD,thousand barrels per day
monthly,EIA,INTL,International Energy Data,53-1-WORL-TBPD.M,"Petroleum and other liquids production, World, Monthly — thousand barrels per day",2017-12,2017-12-01,98202.23786548276,98202.23786548276,M,wld,thou,Monthly,WLD,thousand barrels per day
monthly,EIA,INTL,International Energy Data,53-1-WORL-TBPD.M,"Petroleum and other liquids production, World, Monthly — thousand barrels per day",2018-01,2018-01-01,98709.15085376835,98709.15085376835,M,wld,thou,Monthly,WLD,thousand barrels per day
monthly,EIA,INTL,International Energy Data,53-1-WORL-TBPD.M,"Petroleum and other liquids production, World, Monthly — thousand barrels per day",2018-02,2018-02-01,98942.51941515272,98942.51941515272,M,wld,thou,Monthly,WLD,thousand barrels per day
monthly,EIA,INTL,International Energy Data,53-1-WORL-TBPD.M,"Petroleum and other liquids production, World, Monthly — thousand barrels per day",2018-03,2018-03-01,99305.52359173584,99305.52359173584,M,wld,thou,Monthly,WLD,thousand barrels per day
monthly,EIA,INTL,International Energy Data,53-1-WORL-TBPD.M,"Petroleum and other liquids production, World, Monthly — thousand barrels per day",2018-04,2018-04-01,99498.64661667148,99498.64661667148,M,wld,thou,Monthly,WLD,thousand barrels per day
monthly,EIA,INTL,International Energy Data,53-1-WORL-TBPD.M,"Petroleum and other liquids production, World, Monthly — thousand barrels per day",2018-05,2018-05-01,99501.30259588016,99501.30259588016,M,wld,thou,Monthly,WLD,thousand barrels per day
monthly,EIA,INTL,International Energy Data,53-1-WORL-TBPD.M,"Petroleum and other liquids production, World, Monthly — thousand barrels per day",2018-06,2018-06-01,100123.57094103823,100123.57094103823,M,wld,thou,Monthly,WLD,thousand barrels per day
monthly,EIA,INTL,International Energy Data,53-1-WORL-TBPD.M,"Petroleum and other liquids production, World, Monthly — thousand barrels per day",2018-07,2018-07-01,100961.83521650212,100961.83521650212,M,wld,thou,Monthly,WLD,thousand barrels per day
monthly,EIA,INTL,International Energy Data,53-1-WORL-TBPD.M,"Petroleum and other liquids production, World, Monthly — thousand barrels per day",2018-08,2018-08-01,101515.42192140999,101515.42192140999,M,wld,thou,Monthly,WLD,thousand barrels per day
monthly,EIA,INTL,International Energy Data,53-1-WORL-TBPD.M,"Petroleum and other liquids production, World, Monthly — thousand barrels per day",2018-09,2018-09-01,101256.87132619666,101256.87132619666,M,wld,thou,Monthly,WLD,thousand barrels per day
monthly,EIA,INTL,International Energy Data,53-1-WORL-TBPD.M,"Petroleum and other liquids production, World, Monthly — thousand barrels per day",2018-10,2018-10-01,102080.82760490998,102080.82760490998,M,wld,thou,Monthly,WLD,thousand barrels per day
monthly,EIA,INTL,International Energy Data,53-1-WORL-TBPD.M,"Petroleum and other liquids production, World, Monthly — thousand barrels per day",2018-11,2018-11-01,102298.745964061,102298.745964061,M,wld,thou,Monthly,WLD,thousand barrels per day
monthly,EIA,INTL,International Energy Data,53-1-WORL-TBPD.M,"Petroleum and other liquids production, World, Monthly — thousand barrels per day",2018-12,2018-12-01,101625.73342019963,101625.73342019963,M,wld,thou,Monthly,WLD,thousand barrels per day
monthly,EIA,INTL,International Energy Data,53-1-WORL-TBPD.M,"Petroleum and other liquids production, World, Monthly — thousand barrels per day",2019-01,2019-01-01,99872.64950393896,99872.64950393896,M,wld,thou,Monthly,WLD,thousand barrels per day
monthly,EIA,INTL,International Energy Data,53-1-WORL-TBPD.M,"Petroleum and other liquids production, World, Monthly — thousand barrels per day",2019-02,2019-02-01,99698.18453074979,99698.18453074979,M,wld,thou,Monthly,WLD,thousand barrels per day
monthly,EIA,INTL,International Energy Data,53-1-WORL-TBPD.M,"Petroleum and other liquids production, World, Monthly — thousand barrels per day",2019-03,2019-03-01,99746.98186706098,99746.98186706098,M,wld,thou,Monthly,WLD,thousand barrels per day
monthly,EIA,INTL,International Energy Data,53-1-WORL-TBPD.M,"Petroleum and other liquids production, World, Monthly — thousand barrels per day",2019-04,2019-04-01,100042.91528930723,100042.91528930723,M,wld,thou,Monthly,WLD,thousand barrels per day
monthly,EIA,INTL,International Energy Data,53-1-WORL-TBPD.M,"Petroleum and other liquids production, World, Monthly — thousand barrels per day",2019-05,2019-05-01,99873.59946871722,99873.59946871722,M,wld,thou,Monthly,WLD,thousand barrels per day
monthly,EIA,INTL,International Energy Data,53-1-WORL-TBPD.M,"Petroleum and other liquids production, World, Monthly — thousand barrels per day",2019-06,2019-06-01,100147.89558136283,100147.89558136283,M,wld,thou,Monthly,WLD,thousand barrels per day
monthly,EIA,INTL,International Energy Data,53-1-WORL-TBPD.M,"Petroleum and other liquids production, World, Monthly — thousand barrels per day",2019-07,2019-07-01,99678.21181265978,99678.21181265978,M,wld,thou,Monthly,WLD,thousand barrels per day
monthly,EIA,INTL,International Energy Data,53-1-WORL-TBPD.M,"Petroleum and other liquids production, World, Monthly — thousand barrels per day",2019-08,2019-08-01,100823.76021063938,100823.76021063938,M,wld,thou,Monthly,WLD,thousand barrels per day
monthly,EIA,INTL,International Energy Data,53-1-WORL-TBPD.M,"Petroleum and other liquids production, World, Monthly — thousand barrels per day",2019-09,2019-09-01,99114.98515816138,99114.98515816138,M,wld,thou,Monthly,WLD,thousand barrels per day
monthly,EIA,INTL,International Energy Data,53-1-WORL-TBPD.M,"Petroleum and other liquids production, World, Monthly — thousand barrels per day",2019-10,2019-10-01,100922.03559616316,100922.03559616316,M,wld,thou,Monthly,WLD,thousand barrels per day
monthly,EIA,INTL,International Energy Data,53-1-WORL-TBPD.M,"Petroleum and other liquids production, World, Monthly — thousand barrels per day",2019-11,2019-11-01,101599.52156963473,101599.52156963473,M,wld,thou,Monthly,WLD,thousand barrels per day
monthly,EIA,INTL,International Energy Data,53-1-WORL-TBPD.M,"Petroleum and other liquids production, World, Monthly — thousand barrels per day",2019-12,2019-12-01,101245.79409206955,101245.79409206955,M,wld,thou,Monthly,WLD,thousand barrels per day
monthly,EIA,INTL,International Energy Data,53-1-WORL-TBPD.M,"Petroleum and other liquids production, World, Monthly — thousand barrels per day",2020-01,2020-01-01,100905.20384492856,100905.20384492856,M,wld,thou,Monthly,WLD,thousand barrels per day
monthly,EIA,INTL,International Energy Data,53-1-WORL-TBPD.M,"Petroleum and other liquids production, World, Monthly — thousand barrels per day",2020-02,2020-02-01,99721.29229691713,99721.29229691713,M,wld,thou,Monthly,WLD,thousand barrels per day
monthly,EIA,INTL,International Energy Data,53-1-WORL-TBPD.M,"Petroleum and other liquids production, World, Monthly — thousand barrels per day",2020-03,2020-03-01,100012.23083418408,100012.23083418408,M,wld,thou,Monthly,WLD,thousand barrels per day
monthly,EIA,INTL,International Energy Data,53-1-WORL-TBPD.M,"Petroleum and other liquids production, World, Monthly — thousand barrels per day",2020-04,2020-04-01,99538.93273141142,99538.93273141142,M,wld,thou,Monthly,WLD,thousand barrels per day
monthly,EIA,INTL,International Energy Data,53-1-WORL-TBPD.M,"Petroleum and other liquids production, World, Monthly — thousand barrels per day",2020-05,2020-05-01,88446.61448458851,88446.61448458851,M,wld,thou,Monthly,WLD,thousand barrels per day
monthly,EIA,INTL,International Energy Data,53-1-WORL-TBPD.M,"Petroleum and other liquids production, World, Monthly — thousand barrels per day",2020-06,2020-06-01,88278.01703141947,88278.01703141947,M,wld,thou,Monthly,WLD,thousand barrels per day
monthly,EIA,INTL,International Energy Data,53-1-WORL-TBPD.M,"Petroleum and other liquids production, World, Monthly — thousand barrels per day",2020-07,2020-07-01,90108.31661523337,90108.31661523337,M,wld,thou,Monthly,WLD,thousand barrels per day
monthly,EIA,INTL,International Energy Data,53-1-WORL-TBPD.M,"Petroleum and other liquids production, World, Monthly — thousand barrels per day",2020-08,2020-08-01,91089.4146044585,91089.4146044585,M,wld,thou,Monthly,WLD,thousand barrels per day
monthly,EIA,INTL,International Energy Data,53-1-WORL-TBPD.M,"Petroleum and other liquids production, World, Monthly — thousand barrels per day",2020-09,2020-09-01,91118.8744095899,91118.8744095899,M,wld,thou,Monthly,WLD,thousand barrels per day
monthly,EIA,INTL,International Energy Data,53-1-WORL-TBPD.M,"Petroleum and other liquids production, World, Monthly — thousand barrels per day",2020-10,2020-10-01,91437.51172892908,91437.51172892908,M,wld,thou,Monthly,WLD,thousand barrels per day
monthly,EIA,INTL,International Energy Data,53-1-WORL-TBPD.M,"Petroleum and other liquids production, World, Monthly — thousand barrels per day",2020-11,2020-11-01,93044.24166634431,93044.24166634431,M,wld,thou,Monthly,WLD,thousand barrels per day
monthly,EIA,INTL,International Energy Data,53-1-WORL-TBPD.M,"Petroleum and other liquids production, World, Monthly — thousand barrels per day",2020-12,2020-12-01,92953.82201954906,92953.82201954906,M,wld,thou,Monthly,WLD,thousand barrels per day
monthly,EIA,INTL,International Energy Data,53-1-WORL-TBPD.M,"Petroleum and other liquids production, World, Monthly — thousand barrels per day",2021-01,2021-01-01,93865.38093279056,93865.38093279056,M,wld,thou,Monthly,WLD,thousand barrels per day
monthly,EIA,INTL,International Energy Data,53-1-WORL-TBPD.M,"Petroleum and other liquids production, World, Monthly — thousand barrels per day",2021-02,2021-02-01,90529.0812729417,90529.0812729417,M,wld,thou,Monthly,WLD,thousand barrels per day
monthly,EIA,INTL,International Energy Data,53-1-WORL-TBPD.M,"Petroleum and other liquids production, World, Monthly — thousand barrels per day",2021-03,2021-03-01,93828.56003548454,93828.56003548454,M,wld,thou,Monthly,WLD,thousand barrels per day
monthly,EIA,INTL,International Energy Data,53-1-WORL-TBPD.M,"Petroleum and other liquids production, World, Monthly — thousand barrels per day",2021-04,2021-04-01,93992.35178926693,93992.35178926693,M,wld,thou,Monthly,WLD,thousand barrels per day
monthly,EIA,INTL,International Energy Data,53-1-WORL-TBPD.M,"Petroleum and other liquids production, World, Monthly — thousand barrels per day",2021-05,2021-05-01,94946.13103033176,94946.13103033176,M,wld,thou,Monthly,WLD,thousand barrels per day
monthly,EIA,INTL,International Energy Data,53-1-WORL-TBPD.M,"Petroleum and other liquids production, World, Monthly — thousand barrels per day",2021-06,2021-06-01,95520.93658486442,95520.93658486442,M,wld,thou,Monthly,WLD,thousand barrels per day
monthly,EIA,INTL,International Energy Data,53-1-WORL-TBPD.M,"Petroleum and other liquids production, World, Monthly — thousand barrels per day",2021-07,2021-07-01,97017.33257897243,97017.33257897243,M,wld,thou,Monthly,WLD,thousand barrels per day
monthly,EIA,INTL,International Energy Data,53-1-WORL-TBPD.M,"Petroleum and other liquids production, World, Monthly — thousand barrels per day",2021-08,2021-08-01,96487.58516684797,96487.58516684797,M,wld,thou,Monthly,WLD,thousand barrels per day
monthly,EIA,INTL,International Energy Data,53-1-WORL-TBPD.M,"Petroleum and other liquids production, World, Monthly — thousand barrels per day",2021-09,2021-09-01,96712.42854446097,96712.42854446097,M,wld,thou,Monthly,WLD,thousand barrels per day
monthly,EIA,INTL,International Energy Data,53-1-WORL-TBPD.M,"Petroleum and other liquids production, World, Monthly — thousand barrels per day",2021-10,2021-10-01,98074.49901102098,98074.49901102098,M,wld,thou,Monthly,WLD,thousand barrels per day
monthly,EIA,INTL,International Energy Data,53-1-WORL-TBPD.M,"Petroleum and other liquids production, World, Monthly — thousand barrels per day",2021-11,2021-11-01,98714.300940031,98714.300940031,M,wld,thou,Monthly,WLD,thousand barrels per day
monthly,EIA,INTL,International Energy Data,53-1-WORL-TBPD.M,"Petroleum and other liquids production, World, Monthly — thousand barrels per day",2021-12,2021-12-01,98225.81183135186,98225.81183135186,M,wld,thou,Monthly,WLD,thousand barrels per day
monthly,EIA,INTL,International Energy Data,53-1-WORL-TBPD.M,"Petroleum and other liquids production, World, Monthly — thousand barrels per day",2022-01,2022-01-01,98076.93494218167,98076.93494218167,M,wld,thou,Monthly,WLD,thousand barrels per day
monthly,EIA,INTL,International Energy Data,53-1-WORL-TBPD.M,"Petroleum and other liquids production, World, Monthly — thousand barrels per day",2022-02,2022-02-01,98980.51242675785,98980.51242675785,M,wld,thou,Monthly,WLD,thousand barrels per day
monthly,EIA,INTL,International Energy Data,53-1-WORL-TBPD.M,"Petroleum and other liquids production, World, Monthly — thousand barrels per day",2022-03,2022-03-01,99452.66429440786,99452.66429440786,M,wld,thou,Monthly,WLD,thousand barrels per day
monthly,EIA,INTL,International Energy Data,53-1-WORL-TBPD.M,"Petroleum and other liquids production, World, Monthly — thousand barrels per day",2022-04,2022-04-01,98626.60469703114,98626.60469703114,M,wld,thou,Monthly,WLD,thousand barrels per day
monthly,EIA,INTL,International Energy Data,53-1-WORL-TBPD.M,"Petroleum and other liquids production, World, Monthly — thousand barrels per day",2022-05,2022-05-01,98535.79934557428,98535.79934557428,M,wld,thou,Monthly,WLD,thousand barrels per day
monthly,EIA,INTL,International Energy Data,53-1-WORL-TBPD.M,"Petroleum and other liquids production, World, Monthly — thousand barrels per day",2022-06,2022-06-01,99071.58421955857,99071.58421955857,M,wld,thou,Monthly,WLD,thousand barrels per day
monthly,EIA,INTL,International Energy Data,53-1-WORL-TBPD.M,"Petroleum and other liquids production, World, Monthly — thousand barrels per day",2022-07,2022-07-01,100231.51467830985,100231.51467830985,M,wld,thou,Monthly,WLD,thousand barrels per day
